PC,ExplainedVarianceRation,CumulativeVariance
1,0.9391875548441361,0.9391875548441361
2,0.04547522714151399,0.98466278198565
3,0.00614267925561833,0.9908054612412683
4,0.004885979230641542,0.9956914404719098
5,0.004015132915193398,0.9997065733871032
