PC,ExplainedVarianceRation,CumulativeVariance
1,0.299117005201068,0.299117005201068
2,0.18634301224418998,0.48546001744525796
3,0.14492655261113724,0.6303865700563952
4,0.13511121012842622,0.7654977801848214
5,0.12315334972768595,0.8886511299125074
6,0.07410943282358562,0.962760562736093
7,0.03723943726389887,0.9999999999999919
