PC,ExplainedVarianceRation,CumulativeVariance
1,0.2991169434924521,0.2991169434924521
2,0.18634292219304185,0.48545986568549393
3,0.14492566512775285,0.6303855308132468
4,0.13510891657451896,0.7654944473877657
5,0.12315202434603692,0.8886464717338026
