PC,ExplainedVarianceRation,CumulativeVariance
1,0.2991169435218415,0.2991169435218415
2,0.186342922190314,0.4854598657121555
3,0.14492566511884025,0.6303855308309958
4,0.1351089165677699,0.7654944473987657
5,0.12315202433755895,0.8886464717363247
